{"loss": 0.99485159, "acc": 0.70932627, "grad_norm": 1.34375, "learning_rate": 5.2980132450331126e-08, "epoch": 1.0, "_timestamp": 1714218299.2763462, "_runtime": 8681.755993127823, "_step": 48, "eval_loss": 0.9408724308013916, "eval_acc": 0.7213615065615856, "eval_runtime": 28.9992, "eval_samples_per_second": 14.242, "eval_steps_per_second": 0.448, "train_runtime": 8635.6354, "train_samples_per_second": 4.737, "train_steps_per_second": 0.018, "total_flos": 2.901966606611251e+17, "train_loss": 1.018456126159092, "_wandb": {"runtime": 8681}}