{"loss": 0.93237801, "grad_norm": 12.6875, "learning_rate": 2.6143790849673203e-08, "rewards/chosen": -0.06230660527944565, "rewards/rejected": -0.15227551758289337, "rewards/accuracies": 0.6070312261581421, "rewards/margins": 0.08996891230344772, "logps/rejected": -156.775634765625, "logps/chosen": -124.45870208740234, "logps/ref_rejected": -155.25286865234375, "logps/ref_chosen": -123.83565521240234, "logits/rejected": -2.9918174743652344, "logits/chosen": -2.9921231269836426, "epoch": 1.0, "_timestamp": 1716189210.7553391, "_runtime": 3740.318593263626, "_step": 35, "eval_loss": 0.928512454032898, "eval_runtime": 16.2022, "eval_samples_per_second": 25.675, "eval_steps_per_second": 3.209, "eval_rewards/chosen": -0.060888126492500305, "eval_rewards/rejected": -0.16568446159362793, "eval_rewards/accuracies": 0.6057692170143127, "eval_rewards/margins": 0.10479633510112762, "eval_logps/rejected": -163.84397888183594, "eval_logps/chosen": -124.01872253417969, "eval_logps/ref_rejected": -162.18711853027344, "eval_logps/ref_chosen": -123.40984344482422, "eval_logits/rejected": -2.998157262802124, "eval_logits/chosen": -3.0151889324188232, "train_runtime": 3550.8164, "train_samples_per_second": 11.716, "train_steps_per_second": 0.046, "total_flos": 0.0, "train_loss": 0.9351560576462451, "_wandb": {"runtime": 3743}}