{"loss": 0.8959734, "grad_norm": 31.25, "learning_rate": 0.0, "rewards/chosen": 0.006216836161911488, "rewards/rejected": -0.16185113787651062, "rewards/accuracies": 0.6812499761581421, "rewards/margins": 0.16806797683238983, "logps/rejected": -164.86570739746094, "logps/chosen": -114.9908447265625, "logps/ref_rejected": -163.2471923828125, "logps/ref_chosen": -115.05301666259766, "logits/rejected": -3.1005022525787354, "logits/chosen": -3.104574203491211, "epoch": 1.0, "_timestamp": 1716177429.9858127, "_runtime": 3985.197675704956, "_step": 274, "eval_loss": 0.9173214435577393, "eval_runtime": 16.1995, "eval_samples_per_second": 25.68, "eval_steps_per_second": 3.21, "eval_rewards/chosen": -0.005880993790924549, "eval_rewards/rejected": -0.14447914063930511, "eval_rewards/accuracies": 0.6057692170143127, "eval_rewards/margins": 0.13859814405441284, "eval_logps/rejected": -163.6319122314453, "eval_logps/chosen": -123.46863555908203, "eval_logps/ref_rejected": -162.18711853027344, "eval_logps/ref_chosen": -123.40984344482422, "eval_logits/rejected": -3.063291072845459, "eval_logits/chosen": -3.0819928646087646, "train_runtime": 3797.9136, "train_samples_per_second": 10.953, "train_steps_per_second": 0.342, "total_flos": 0.0, "train_loss": 0.924599231160604, "_wandb": {"runtime": 3988}}