{"loss": 0.85836535, "grad_norm": 4.53125, "learning_rate": 2.6143790849673203e-09, "rewards/chosen": -0.008538681082427502, "rewards/rejected": -0.015523269772529602, "rewards/accuracies": 0.5093749761581421, "rewards/margins": 0.0069845886901021, "logps/rejected": -104.4489974975586, "logps/chosen": -86.05755615234375, "logps/ref_rejected": -104.29374694824219, "logps/ref_chosen": -85.97216796875, "logits/rejected": 0.06719924509525299, "logits/chosen": 0.019527044147253036, "epoch": 1.0, "_timestamp": 1713999101.4487095, "_runtime": 22548.89643239975, "_step": 50, "eval_loss": 0.8617018461227417, "eval_runtime": 107.6869, "eval_samples_per_second": 3.863, "eval_steps_per_second": 0.241, "eval_rewards/chosen": 0.0008664215565659106, "eval_rewards/rejected": 0.003925166092813015, "eval_rewards/accuracies": 0.4951923191547394, "eval_rewards/margins": -0.0030587429646402597, "eval_logps/rejected": -109.27616119384766, "eval_logps/chosen": -86.20140075683594, "eval_logps/ref_rejected": -109.31541442871094, "eval_logps/ref_chosen": -86.21006774902344, "eval_logits/rejected": 0.04822976142168045, "eval_logits/chosen": -0.023882512003183365, "train_runtime": 22360.1219, "train_samples_per_second": 1.86, "train_steps_per_second": 0.007, "total_flos": 0.0, "train_loss": 0.8583051028810902, "_wandb": {"runtime": 22551}}