{"loss": 0.82496719, "grad_norm": 10.4375, "learning_rate": 0.0, "rewards/chosen": 0.2462615668773651, "rewards/rejected": 0.1926698386669159, "rewards/accuracies": 0.581250011920929, "rewards/margins": 0.0535917654633522, "logps/rejected": -104.02056884765625, "logps/chosen": -78.308349609375, "logps/ref_rejected": -105.94728088378906, "logps/ref_chosen": -80.77096557617188, "logits/rejected": 0.0644981786608696, "logits/chosen": -0.00011082999117206782, "epoch": 1.0, "_timestamp": 1716292275.6063774, "_runtime": 21093.074367284775, "_step": 70, "eval_loss": 0.822708010673523, "eval_runtime": 107.634, "eval_samples_per_second": 3.865, "eval_steps_per_second": 0.242, "eval_rewards/chosen": 0.25670596957206726, "eval_rewards/rejected": 0.1935276836156845, "eval_rewards/accuracies": 0.5961538553237915, "eval_rewards/margins": 0.06317830830812454, "eval_logps/rejected": -107.38014221191406, "eval_logps/chosen": -83.64301300048828, "eval_logps/ref_rejected": -109.31541442871094, "eval_logps/ref_chosen": -86.21006774902344, "eval_logits/rejected": 0.06908171623945236, "eval_logits/chosen": 0.002290503354743123, "train_runtime": 20901.9414, "train_samples_per_second": 1.99, "train_steps_per_second": 0.016, "total_flos": 0.0, "train_loss": 0.8356710819097666, "_wandb": {"runtime": 21095}}