{"loss": 0.84842014, "grad_norm": 15.25, "learning_rate": 1.5384615384615385e-06, "rewards/chosen": 0.04419925808906555, "rewards/rejected": 0.02507203444838524, "rewards/accuracies": 0.550000011920929, "rewards/margins": 0.019127219915390015, "logps/rejected": -96.16267395019531, "logps/chosen": -89.58880615234375, "logps/ref_rejected": -96.41339111328125, "logps/ref_chosen": -90.03080749511719, "logits/rejected": 0.11900386959314346, "logits/chosen": 0.0987982302904129, "epoch": 0.04, "_timestamp": 1714228289.318234, "_runtime": 2146.4491019248962, "_step": 30, "eval_loss": 0.859923779964447, "eval_runtime": 107.6891, "eval_samples_per_second": 3.863, "eval_steps_per_second": 0.241, "eval_rewards/chosen": 0.030934713780879974, "eval_rewards/rejected": 0.02892891690135002, "eval_rewards/accuracies": 0.504807710647583, "eval_rewards/margins": 0.00200579478405416, "eval_logps/rejected": -109.026123046875, "eval_logps/chosen": -85.90072631835938, "eval_logps/ref_rejected": -109.31541442871094, "eval_logps/ref_chosen": -86.21006774902344, "eval_logits/rejected": 0.07481472194194794, "eval_logits/chosen": 0.005351587198674679}