{"loss": 0.98379669, "grad_norm": 95.5, "learning_rate": 1.6336032388663968e-06, "rewards/chosen": -0.050569284707307816, "rewards/rejected": -0.11258242279291153, "rewards/accuracies": 0.675000011920929, "rewards/margins": 0.062013160437345505, "logps/rejected": -154.11776733398438, "logps/chosen": -170.1458740234375, "logps/ref_rejected": -152.99192810058594, "logps/ref_chosen": -169.64016723632812, "logits/rejected": -3.0317976474761963, "logits/chosen": -3.021054267883301, "epoch": 0.22, "_timestamp": 1716099854.7539752, "_runtime": 1208.765792131424, "_step": 244, "eval_loss": 0.92027747631073, "eval_runtime": 16.2109, "eval_samples_per_second": 25.662, "eval_steps_per_second": 3.208, "eval_rewards/chosen": -0.06282290816307068, "eval_rewards/rejected": -0.21836131811141968, "eval_rewards/accuracies": 0.6129807829856873, "eval_rewards/margins": 0.1555383950471878, "eval_logps/rejected": -164.37074279785156, "eval_logps/chosen": -124.03807067871094, "eval_logps/ref_rejected": -162.18711853027344, "eval_logps/ref_chosen": -123.40984344482422, "eval_logits/rejected": -3.04270339012146, "eval_logits/chosen": -3.060861110687256}