{"loss": 0.83933659, "grad_norm": 7.1875, "learning_rate": 0.0, "rewards/chosen": 0.13045552372932434, "rewards/rejected": 0.0995224267244339, "rewards/accuracies": 0.59375, "rewards/margins": 0.030933097004890442, "logps/rejected": -104.9520492553711, "logps/chosen": -79.46641540527344, "logps/ref_rejected": -105.94728088378906, "logps/ref_chosen": -80.77096557617188, "logits/rejected": 0.05795124173164368, "logits/chosen": -0.00216200714930892, "epoch": 1.0, "_timestamp": 1715454863.4951153, "_runtime": 24492.9308013916, "_step": 99, "eval_loss": 0.8381235599517822, "eval_runtime": 107.9361, "eval_samples_per_second": 3.854, "eval_steps_per_second": 0.241, "eval_rewards/chosen": 0.14283424615859985, "eval_rewards/rejected": 0.11126580834388733, "eval_rewards/accuracies": 0.5961538553237915, "eval_rewards/margins": 0.031568437814712524, "eval_logps/rejected": -108.2027587890625, "eval_logps/chosen": -84.78173065185547, "eval_logps/ref_rejected": -109.31541442871094, "eval_logps/ref_chosen": -86.21006774902344, "eval_logits/rejected": 0.07013896107673645, "eval_logits/chosen": 0.0038162756245583296, "train_runtime": 24302.5014, "train_samples_per_second": 1.712, "train_steps_per_second": 0.013, "total_flos": 0.0, "train_loss": 0.8458044928770799, "_wandb": {"runtime": 24495}}