{"loss": 0.95785408, "acc": 0.71931643, "grad_norm": 2.125, "learning_rate": 6.584362139917695e-09, "epoch": 1.0, "_timestamp": 1714069576.8510737, "_runtime": 10587.968867778778, "_step": 320, "eval_loss": 0.9075854420661926, "eval_acc": 0.7266035940613611, "eval_runtime": 28.9845, "eval_samples_per_second": 14.249, "eval_steps_per_second": 0.449, "train_runtime": 10541.0876, "train_samples_per_second": 3.881, "train_steps_per_second": 0.121, "total_flos": 2.916712488169267e+17, "train_loss": 0.9722498193022047, "_wandb": {"runtime": 10588}}