{"loss": 0.97023287, "grad_norm": 114.0, "learning_rate": 1.2449392712550607e-06, "rewards/chosen": -0.0009372233180329204, "rewards/rejected": -0.004685826133936644, "rewards/accuracies": 0.550000011920929, "rewards/margins": 0.003748604329302907, "logps/rejected": -165.43978881835938, "logps/chosen": -108.21974182128906, "logps/ref_rejected": -165.39292907714844, "logps/ref_chosen": -108.21036529541016, "logits/rejected": -2.887050151824951, "logits/chosen": -2.9248359203338623, "epoch": 0.41, "_timestamp": 1716117037.018841, "_runtime": 2083.806118965149, "_step": 446, "eval_loss": 0.9601128697395325, "eval_runtime": 16.2086, "eval_samples_per_second": 25.665, "eval_steps_per_second": 3.208, "eval_rewards/chosen": -0.0001378618908347562, "eval_rewards/rejected": -0.0007658918621018529, "eval_rewards/accuracies": 0.4951923191547394, "eval_rewards/margins": 0.0006280302186496556, "eval_logps/rejected": -162.19476318359375, "eval_logps/chosen": -123.41122436523438, "eval_logps/ref_rejected": -162.18711853027344, "eval_logps/ref_chosen": -123.40984344482422, "eval_logits/rejected": -2.953641176223755, "eval_logits/chosen": -2.967735767364502}