{"loss": 0.90422258, "grad_norm": 41.0, "learning_rate": 6.390977443609022e-07, "rewards/chosen": -1.85465432878118e-05, "rewards/rejected": -6.431108340620995e-05, "rewards/accuracies": 0.375, "rewards/margins": 4.5764540118398145e-05, "logps/rejected": -91.97552490234375, "logps/chosen": -61.47967529296875, "logps/ref_rejected": -91.97489166259766, "logps/ref_chosen": -61.47948455810547, "logits/rejected": -2.9161219596862793, "logits/chosen": -2.929184675216675, "epoch": 0.02, "_timestamp": 1716043975.460559, "_runtime": 328.68049597740173, "_step": 17}