{"loss": 0.96311131, "acc": 0.71786027, "grad_norm": 1.8515625, "learning_rate": 6.584362139917695e-09, "epoch": 1.0, "_timestamp": 1714389497.8211524, "_runtime": 13055.580698490143, "_step": 384, "eval_loss": 0.9126908183097839, "eval_acc": 0.7251853580597095, "eval_runtime": 28.9668, "eval_samples_per_second": 14.258, "eval_steps_per_second": 0.449, "train_runtime": 13004.2271, "train_samples_per_second": 3.146, "train_steps_per_second": 0.098, "total_flos": 2.916712488169267e+17, "train_loss": 0.9774248297089613, "_wandb": {"runtime": 13056}}