{"loss": 0.84366083, "grad_norm": 7.0625, "learning_rate": 1.2987012987012986e-06, "rewards/chosen": 0.09430385380983353, "rewards/rejected": 0.07236483693122864, "rewards/accuracies": 0.5453125238418579, "rewards/margins": 0.021939028054475784, "logps/rejected": -104.74369049072266, "logps/chosen": -86.5929183959961, "logps/ref_rejected": -105.46733093261719, "logps/ref_chosen": -87.53595733642578, "logits/rejected": 0.06261088699102402, "logits/chosen": 0.025813128799200058, "epoch": 0.38, "_timestamp": 1715430249.4216862, "_runtime": 8169.277051210403, "_step": 26, "eval_loss": 0.8468812704086304, "eval_runtime": 107.9949, "eval_samples_per_second": 3.852, "eval_steps_per_second": 0.241, "eval_rewards/chosen": 0.09526132047176361, "eval_rewards/rejected": 0.07781671732664108, "eval_rewards/accuracies": 0.567307710647583, "eval_rewards/margins": 0.017444608733057976, "eval_logps/rejected": -108.53723907470703, "eval_logps/chosen": -85.25745391845703, "eval_logps/ref_rejected": -109.31541442871094, "eval_logps/ref_chosen": -86.21006774902344, "eval_logits/rejected": 0.07215045392513275, "eval_logits/chosen": 0.003167971968650818}