{"loss": 0.95532169, "acc": 0.71800346, "grad_norm": 1.0, "learning_rate": 2.6402640264026403e-08, "epoch": 1.0, "_timestamp": 1716225707.1944854, "_runtime": 9326.143596410751, "_step": 96, "eval_loss": 0.9211787581443787, "eval_acc": 0.725903452237761, "eval_runtime": 28.9912, "eval_samples_per_second": 14.246, "eval_steps_per_second": 0.448, "train_runtime": 9276.3983, "train_samples_per_second": 4.41, "train_steps_per_second": 0.034, "total_flos": 2.911333793189069e+17, "train_loss": 0.9949742626620685, "_wandb": {"runtime": 9326}}