{"loss": 0.93349543, "acc": 0.72294769, "grad_norm": 1.765625, "learning_rate": 3.292181069958848e-08, "epoch": 1.0, "_timestamp": 1714489388.3275752, "_runtime": 13067.903152227402, "_step": 384, "eval_loss": 0.8835679292678833, "eval_acc": 0.7318456815611367, "eval_runtime": 28.945, "eval_samples_per_second": 14.268, "eval_steps_per_second": 0.449, "train_runtime": 13018.0968, "train_samples_per_second": 3.142, "train_steps_per_second": 0.098, "total_flos": 2.916712488169267e+17, "train_loss": 0.9499370957651205, "_wandb": {"runtime": 13067}}