{"loss": 0.94937057, "acc": 0.71979265, "grad_norm": 0.65625, "learning_rate": 2.649006622516557e-07, "epoch": 1.0, "_timestamp": 1714450456.3512342, "_runtime": 8680.517416238785, "_step": 48, "eval_loss": 0.8974135518074036, "eval_acc": 0.7293323519379566, "eval_runtime": 28.9811, "eval_samples_per_second": 14.251, "eval_steps_per_second": 0.449, "train_runtime": 8629.2215, "train_samples_per_second": 4.74, "train_steps_per_second": 0.018, "total_flos": 2.901966606611251e+17, "train_loss": 0.9602681600822592, "_wandb": {"runtime": 8680}}