{"loss": 0.95029726, "acc": 0.71934028, "grad_norm": 0.6015625, "learning_rate": 2.649006622516557e-07, "epoch": 1.0, "_timestamp": 1714474322.1154625, "_runtime": 8679.399670600891, "_step": 48, "eval_loss": 0.8989428281784058, "eval_acc": 0.7297452560903362, "eval_runtime": 28.9681, "eval_samples_per_second": 14.257, "eval_steps_per_second": 0.449, "train_runtime": 8626.1637, "train_samples_per_second": 4.742, "train_steps_per_second": 0.018, "total_flos": 2.901966606611251e+17, "train_loss": 0.9631256697312841, "_wandb": {"runtime": 8679}}