{"loss": 0.94609575, "acc": 0.72045369, "grad_norm": 1.9453125, "learning_rate": 6.584362139917695e-09, "epoch": 1.0, "_timestamp": 1713427184.2551925, "_runtime": 13062.695654630661, "_step": 384, "eval_loss": 0.8955929279327393, "eval_acc": 0.7299247796348491, "eval_runtime": 29.0043, "eval_samples_per_second": 14.239, "eval_steps_per_second": 0.448, "train_runtime": 13020.0471, "train_samples_per_second": 3.142, "train_steps_per_second": 0.098, "total_flos": 2.916712488169267e+17, "train_loss": 0.9520093750636777, "_wandb": {"runtime": 13063}}