{"loss": 0.95077314, "acc": 0.72020087, "grad_norm": 1.796875, "learning_rate": 6.584362139917695e-09, "epoch": 1.0, "_timestamp": 1714331261.571164, "_runtime": 13065.009630918503, "_step": 384, "eval_loss": 0.9004424214363098, "eval_acc": 0.7287937813044181, "eval_runtime": 28.9252, "eval_samples_per_second": 14.278, "eval_steps_per_second": 0.449, "train_runtime": 13014.484, "train_samples_per_second": 3.143, "train_steps_per_second": 0.098, "total_flos": 2.916712488169267e+17, "train_loss": 0.9641369256868877, "_wandb": {"runtime": 13063}}