{"loss": 0.98482742, "acc": 0.71308618, "grad_norm": 2.0625, "learning_rate": 6.584362139917695e-09, "epoch": 1.0, "_timestamp": 1715179003.507361, "_runtime": 13084.36120390892, "_step": 384, "eval_loss": 0.9373133778572083, "eval_acc": 0.7224745525375653, "eval_runtime": 28.9433, "eval_samples_per_second": 14.269, "eval_steps_per_second": 0.449, "train_runtime": 13035.1754, "train_samples_per_second": 3.138, "train_steps_per_second": 0.098, "total_flos": 2.916712488169267e+17, "train_loss": 1.0117313588756056, "_wandb": {"runtime": 13084}}