{"loss": 0.8145071, "grad_norm": 18.25, "learning_rate": 1.2955465587044534e-06, "rewards/chosen": 0.19347040355205536, "rewards/rejected": 0.11992733180522919, "rewards/accuracies": 0.7124999761581421, "rewards/margins": 0.07354307174682617, "logps/rejected": -114.8685302734375, "logps/chosen": -85.91402435302734, "logps/ref_rejected": -116.06781005859375, "logps/ref_chosen": -87.84872436523438, "logits/rejected": 0.04012199491262436, "logits/chosen": 0.009982571937143803, "epoch": 0.38, "_timestamp": 1713902171.8025258, "_runtime": 19650.35765171051, "_step": 299, "eval_loss": 0.8313580751419067, "eval_runtime": 107.5572, "eval_samples_per_second": 3.868, "eval_steps_per_second": 0.242, "eval_rewards/chosen": 0.19469812512397766, "eval_rewards/rejected": 0.1503472626209259, "eval_rewards/accuracies": 0.6033653616905212, "eval_rewards/margins": 0.04435085877776146, "eval_logps/rejected": -107.81193542480469, "eval_logps/chosen": -84.26307678222656, "eval_logps/ref_rejected": -109.31541442871094, "eval_logps/ref_chosen": -86.21006774902344, "eval_logits/rejected": 0.06795403361320496, "eval_logits/chosen": -0.0030620796605944633}