{"loss": 0.78947935, "grad_norm": 21.875, "learning_rate": 1.3967611336032387e-06, "rewards/chosen": 0.4431881904602051, "rewards/rejected": 0.32907915115356445, "rewards/accuracies": 0.637499988079071, "rewards/margins": 0.11410905420780182, "logps/rejected": -113.34284973144531, "logps/chosen": -92.2342300415039, "logps/ref_rejected": -116.6336441040039, "logps/ref_chosen": -96.66609954833984, "logits/rejected": 0.17177852988243103, "logits/chosen": 0.11498795449733734, "epoch": 0.34, "_timestamp": 1714135406.1378152, "_runtime": 7986.7413992881775, "_step": 183, "eval_loss": 0.7949406504631042, "eval_runtime": 107.7842, "eval_samples_per_second": 3.86, "eval_steps_per_second": 0.241, "eval_rewards/chosen": 0.43182605504989624, "eval_rewards/rejected": 0.2730821371078491, "eval_rewards/accuracies": 0.6370192170143127, "eval_rewards/margins": 0.1587439328432083, "eval_logps/rejected": -106.58458709716797, "eval_logps/chosen": -81.89180755615234, "eval_logps/ref_rejected": -109.31541442871094, "eval_logps/ref_chosen": -86.21006774902344, "eval_logits/rejected": 0.10411418229341507, "eval_logits/chosen": 0.032174643129110336}