{"loss": 1.05110798, "acc": 0.69870257, "grad_norm": 2.109375, "learning_rate": 1.576158940397351e-06, "epoch": 0.25, "_timestamp": 1714050920.030088, "_runtime": 2074.965070962906, "_step": 8}