{"eval_loss": 0.9887211918830872, "_timestamp": 1713344681.7447166, "_runtime": 746.9241147041321, "_step": 70}