{"loss": 0.71141911, "grad_norm": 13.1875, "learning_rate": 0.0, "rewards/chosen": 0.5880166292190552, "rewards/rejected": 0.12338342517614365, "rewards/accuracies": 0.737500011920929, "rewards/margins": 0.46463313698768616, "logps/rejected": -109.68367767333984, "logps/chosen": -78.08790588378906, "logps/ref_rejected": -110.91751861572266, "logps/ref_chosen": -83.96807861328125, "logits/rejected": -0.08146268129348755, "logits/chosen": -0.14984513819217682, "epoch": 1.0, "_timestamp": 1714126931.0701451, "_runtime": 23714.35322213173, "_step": 547, "eval_loss": 0.7470183968544006, "eval_runtime": 107.7636, "eval_samples_per_second": 3.86, "eval_steps_per_second": 0.241, "eval_rewards/chosen": 0.4534156024456024, "eval_rewards/rejected": 0.078215591609478, "eval_rewards/accuracies": 0.6706730723381042, "eval_rewards/margins": 0.3752000033855438, "eval_logps/rejected": -108.53325653076172, "eval_logps/chosen": -81.67591094970703, "eval_logps/ref_rejected": -109.31541442871094, "eval_logps/ref_chosen": -86.21006774902344, "eval_logits/rejected": 0.12076711654663086, "eval_logits/chosen": 0.040908459573984146, "train_runtime": 23522.4892, "train_samples_per_second": 1.769, "train_steps_per_second": 0.111, "total_flos": 0.0, "train_loss": 0.7650271090865135, "_wandb": {"runtime": 23717}}