{"loss": 0.95609188, "acc": 0.71743345, "grad_norm": 0.984375, "learning_rate": 2.6402640264026403e-08, "epoch": 1.0, "_timestamp": 1716271131.831355, "_runtime": 9342.831606149673, "_step": 96, "eval_loss": 0.9227203726768494, "eval_acc": 0.7242338832737913, "eval_runtime": 28.9836, "eval_samples_per_second": 14.249, "eval_steps_per_second": 0.449, "train_runtime": 9293.7371, "train_samples_per_second": 4.401, "train_steps_per_second": 0.034, "total_flos": 2.911333793189069e+17, "train_loss": 0.9986507459120317, "_wandb": {"runtime": 9342}}