{"loss": 0.95752001, "acc": 0.71893768, "grad_norm": 1.9453125, "learning_rate": 6.584362139917695e-09, "epoch": 1.0, "_timestamp": 1715160244.8765404, "_runtime": 14755.482644319534, "_step": 384, "eval_loss": 0.9077842235565186, "eval_acc": 0.7268908317325817, "eval_runtime": 28.9629, "eval_samples_per_second": 14.26, "eval_steps_per_second": 0.449, "train_runtime": 13072.3146, "train_samples_per_second": 3.129, "train_steps_per_second": 0.098, "total_flos": 2.916712488169267e+17, "train_loss": 0.9682495134523644, "_wandb": {"runtime": 14756}}