{"loss": 0.85019464, "grad_norm": 3.71875, "learning_rate": 2.6315789473684208e-08, "rewards/chosen": 0.062593474984169, "rewards/rejected": 0.04938609153032303, "rewards/accuracies": 0.553515613079071, "rewards/margins": 0.013207385316491127, "logps/rejected": -103.56440734863281, "logps/chosen": -84.08582305908203, "logps/ref_rejected": -104.05826568603516, "logps/ref_chosen": -84.71175384521484, "logits/rejected": 0.078316830098629, "logits/chosen": 0.024346819147467613, "epoch": 1.0, "_timestamp": 1715505391.4485872, "_runtime": 21634.27320408821, "_step": 26, "eval_loss": 0.8497963547706604, "eval_runtime": 107.9164, "eval_samples_per_second": 3.855, "eval_steps_per_second": 0.241, "eval_rewards/chosen": 0.07438793033361435, "eval_rewards/rejected": 0.0608171671628952, "eval_rewards/accuracies": 0.5384615659713745, "eval_rewards/margins": 0.01357076596468687, "eval_logps/rejected": -108.70723724365234, "eval_logps/chosen": -85.46619415283203, "eval_logps/ref_rejected": -109.31541442871094, "eval_logps/ref_chosen": -86.21006774902344, "eval_logits/rejected": 0.0642404556274414, "eval_logits/chosen": -0.00621088407933712, "train_runtime": 21441.4932, "train_samples_per_second": 1.94, "train_steps_per_second": 0.004, "total_flos": 0.0, "train_loss": 0.8517970148427987, "_wandb": {"runtime": 21637}}