{"loss": 0.74057064, "grad_norm": 14.6875, "learning_rate": 0.0, "rewards/chosen": 0.603103756904602, "rewards/rejected": 0.3336181938648224, "rewards/accuracies": 0.7124999761581421, "rewards/margins": 0.2694856524467468, "logps/rejected": -107.5813217163086, "logps/chosen": -77.9370346069336, "logps/ref_rejected": -110.91751861572266, "logps/ref_chosen": -83.96807861328125, "logits/rejected": -0.07074548304080963, "logits/chosen": -0.13873550295829773, "epoch": 1.0, "_timestamp": 1716333109.8633215, "_runtime": 23675.16388463974, "_step": 547, "eval_loss": 0.7757133841514587, "eval_runtime": 107.5727, "eval_samples_per_second": 3.867, "eval_steps_per_second": 0.242, "eval_rewards/chosen": 0.4871854782104492, "eval_rewards/rejected": 0.28028595447540283, "eval_rewards/accuracies": 0.6225961446762085, "eval_rewards/margins": 0.206899493932724, "eval_logps/rejected": -106.51255798339844, "eval_logps/chosen": -81.33821868896484, "eval_logps/ref_rejected": -109.31541442871094, "eval_logps/ref_chosen": -86.21006774902344, "eval_logits/rejected": 0.10279496014118195, "eval_logits/chosen": 0.029182929545640945, "train_runtime": 23484.174, "train_samples_per_second": 1.771, "train_steps_per_second": 0.111, "total_flos": 0.0, "train_loss": 0.7986915851327089, "_wandb": {"runtime": 23677}}