{"loss": 0.98341656, "acc": 0.71228323, "grad_norm": 2.0625, "learning_rate": 6.584362139917695e-09, "epoch": 1.0, "_timestamp": 1716202832.0902267, "_runtime": 13120.573386669159, "_step": 384, "eval_loss": 0.9351791143417358, "eval_acc": 0.7228156472721398, "eval_runtime": 28.9782, "eval_samples_per_second": 14.252, "eval_steps_per_second": 0.449, "train_runtime": 13071.8059, "train_samples_per_second": 3.129, "train_steps_per_second": 0.098, "total_flos": 2.916712488169267e+17, "train_loss": 1.019669803909439, "_wandb": {"runtime": 13121}}