{"loss": 0.79094973, "grad_norm": 16.5, "learning_rate": 0.0, "rewards/chosen": 0.47095996141433716, "rewards/rejected": 0.3478303551673889, "rewards/accuracies": 0.625, "rewards/margins": 0.12312958389520645, "logps/rejected": -107.439208984375, "logps/chosen": -79.25846862792969, "logps/ref_rejected": -110.91751861572266, "logps/ref_chosen": -83.96807861328125, "logits/rejected": -0.09701631218194962, "logits/chosen": -0.16475199162960052, "epoch": 1.0, "_timestamp": 1714252077.8714924, "_runtime": 23744.106684446335, "_step": 547, "eval_loss": 0.8022385835647583, "eval_runtime": 107.6649, "eval_samples_per_second": 3.864, "eval_steps_per_second": 0.241, "eval_rewards/chosen": 0.42374059557914734, "eval_rewards/rejected": 0.3212125897407532, "eval_rewards/accuracies": 0.629807710647583, "eval_rewards/margins": 0.10252805054187775, "eval_logps/rejected": -106.10328674316406, "eval_logps/chosen": -81.97266387939453, "eval_logps/ref_rejected": -109.31541442871094, "eval_logps/ref_chosen": -86.21006774902344, "eval_logits/rejected": 0.07475090771913528, "eval_logits/chosen": 0.008324844762682915, "train_runtime": 23551.1536, "train_samples_per_second": 1.766, "train_steps_per_second": 0.11, "total_flos": 0.0, "train_loss": 0.8175026729244452, "_wandb": {"runtime": 23742}}