{"loss": 0.97433395, "acc": 0.71414199, "grad_norm": 0.86328125, "learning_rate": 5.2980132450331126e-08, "epoch": 1.0, "_timestamp": 1713522805.5468638, "_runtime": 8682.014234781265, "_step": 48, "eval_loss": 0.9197067618370056, "eval_acc": 0.7252392151230634, "eval_runtime": 28.9801, "eval_samples_per_second": 14.251, "eval_steps_per_second": 0.449, "train_runtime": 8639.3896, "train_samples_per_second": 4.735, "train_steps_per_second": 0.018, "total_flos": 2.901966606611251e+17, "train_loss": 0.99429042084412, "_wandb": {"runtime": 8682}}