{"loss": 0.84742994, "grad_norm": 5.46875, "learning_rate": 2.6143790849673203e-08, "rewards/chosen": 0.09722530841827393, "rewards/rejected": 0.07888670265674591, "rewards/accuracies": 0.5570312738418579, "rewards/margins": 0.01833859458565712, "logps/rejected": -103.50489807128906, "logps/chosen": -84.99992370605469, "logps/ref_rejected": -104.29374694824219, "logps/ref_chosen": -85.97216796875, "logits/rejected": 0.08740845322608948, "logits/chosen": 0.0413113534450531, "epoch": 1.0, "_timestamp": 1713881482.527599, "_runtime": 22547.219236135483, "_step": 50, "eval_loss": 0.8408253192901611, "eval_runtime": 107.5832, "eval_samples_per_second": 3.867, "eval_steps_per_second": 0.242, "eval_rewards/chosen": 0.10191912949085236, "eval_rewards/rejected": 0.07123257964849472, "eval_rewards/accuracies": 0.5817307829856873, "eval_rewards/margins": 0.030686544254422188, "eval_logps/rejected": -108.60308074951172, "eval_logps/chosen": -85.19087982177734, "eval_logps/ref_rejected": -109.31541442871094, "eval_logps/ref_chosen": -86.21006774902344, "eval_logits/rejected": 0.05959582328796387, "eval_logits/chosen": -0.008518299087882042, "train_runtime": 22357.3993, "train_samples_per_second": 1.861, "train_steps_per_second": 0.007, "total_flos": 0.0, "train_loss": 0.8490627448499939, "_wandb": {"runtime": 22550}}