{"loss": 0.95897398, "acc": 0.71961327, "grad_norm": 1.75, "learning_rate": 6.584362139917695e-09, "epoch": 1.0, "_timestamp": 1713545632.887299, "_runtime": 13075.094535112381, "_step": 384, "eval_loss": 0.9080420136451721, "eval_acc": 0.7273216882394126, "eval_runtime": 29.0012, "eval_samples_per_second": 14.241, "eval_steps_per_second": 0.448, "train_runtime": 13031.97, "train_samples_per_second": 3.139, "train_steps_per_second": 0.098, "total_flos": 2.916712488169267e+17, "train_loss": 0.9700787407611849, "_wandb": {"runtime": 13075}}