{"loss": 0.78936777, "grad_norm": 14.1875, "learning_rate": 1.4331983805668016e-06, "rewards/chosen": 0.43376582860946655, "rewards/rejected": 0.28093937039375305, "rewards/accuracies": 0.625, "rewards/margins": 0.1528264731168747, "logps/rejected": -100.52183532714844, "logps/chosen": -68.1030502319336, "logps/ref_rejected": -103.33122253417969, "logps/ref_chosen": -72.4406967163086, "logits/rejected": 0.07009498029947281, "logits/chosen": 0.003046606434509158, "epoch": 0.32, "_timestamp": 1714058958.0586257, "_runtime": 7630.501334667206, "_step": 174, "eval_loss": 0.7949406504631042, "eval_runtime": 107.7436, "eval_samples_per_second": 3.861, "eval_steps_per_second": 0.241, "eval_rewards/chosen": 0.43182605504989624, "eval_rewards/rejected": 0.2730821371078491, "eval_rewards/accuracies": 0.6370192170143127, "eval_rewards/margins": 0.1587439328432083, "eval_logps/rejected": -106.58458709716797, "eval_logps/chosen": -81.89180755615234, "eval_logps/ref_rejected": -109.31541442871094, "eval_logps/ref_chosen": -86.21006774902344, "eval_logits/rejected": 0.10411418229341507, "eval_logits/chosen": 0.032174643129110336}