{"loss": 0.94694633, "grad_norm": 60.25, "learning_rate": 0.0, "rewards/chosen": -0.00988372415304184, "rewards/rejected": -0.057617317885160446, "rewards/accuracies": 0.7749999761581421, "rewards/margins": 0.047733597457408905, "logps/rejected": -202.0008544921875, "logps/chosen": -134.17288208007812, "logps/ref_rejected": -201.4246826171875, "logps/ref_chosen": -134.0740509033203, "logits/rejected": -3.0114612579345703, "logits/chosen": -2.9764513969421387, "epoch": 1.0, "_timestamp": 1716114903.0484514, "_runtime": 4851.906843423843, "_step": 1093, "eval_loss": 0.9562652111053467, "eval_runtime": 16.2207, "eval_samples_per_second": 25.646, "eval_steps_per_second": 3.206, "eval_rewards/chosen": -0.015799948945641518, "eval_rewards/rejected": -0.025912655517458916, "eval_rewards/accuracies": 0.5528846383094788, "eval_rewards/margins": 0.010112706571817398, "eval_logps/rejected": -162.44625854492188, "eval_logps/chosen": -123.56783294677734, "eval_logps/ref_rejected": -162.18711853027344, "eval_logps/ref_chosen": -123.40984344482422, "eval_logits/rejected": -2.9511232376098633, "eval_logits/chosen": -2.965073585510254, "train_runtime": 4661.2526, "train_samples_per_second": 8.925, "train_steps_per_second": 1.116, "total_flos": 0.0, "train_loss": 0.9578023824783471, "_wandb": {"runtime": 4854}}