{"loss": 0.81877413, "grad_norm": 19.875, "learning_rate": 0.0, "rewards/chosen": 0.19243016839027405, "rewards/rejected": 0.1161470040678978, "rewards/accuracies": 0.625, "rewards/margins": 0.07628317177295685, "logps/rejected": -109.75604248046875, "logps/chosen": -82.04377746582031, "logps/ref_rejected": -110.91751861572266, "logps/ref_chosen": -83.96807861328125, "logits/rejected": -0.10646524280309677, "logits/chosen": -0.18008336424827576, "epoch": 1.0, "_timestamp": 1715275165.3247619, "_runtime": 23744.304310798645, "_step": 547, "eval_loss": 0.8358712792396545, "eval_runtime": 107.9639, "eval_samples_per_second": 3.853, "eval_steps_per_second": 0.241, "eval_rewards/chosen": 0.17686891555786133, "eval_rewards/rejected": 0.14376197755336761, "eval_rewards/accuracies": 0.59375, "eval_rewards/margins": 0.03310691937804222, "eval_logps/rejected": -107.87779235839844, "eval_logps/chosen": -84.44139099121094, "eval_logps/ref_rejected": -109.31541442871094, "eval_logps/ref_chosen": -86.21006774902344, "eval_logits/rejected": 0.07104797661304474, "eval_logits/chosen": 0.004666397348046303, "train_runtime": 23532.1915, "train_samples_per_second": 1.768, "train_steps_per_second": 0.11, "total_flos": 0.0, "train_loss": 0.8429395736868565, "_wandb": {"runtime": 23726}}