{"loss": 0.92169495, "grad_norm": 57.25, "learning_rate": 0.0, "rewards/chosen": -0.06352856010198593, "rewards/rejected": -0.18296001851558685, "rewards/accuracies": 0.824999988079071, "rewards/margins": 0.11943145841360092, "logps/rejected": -203.25430297851562, "logps/chosen": -134.70933532714844, "logps/ref_rejected": -201.4246826171875, "logps/ref_chosen": -134.0740509033203, "logits/rejected": -3.0140738487243652, "logits/chosen": -2.980236530303955, "epoch": 1.0, "_timestamp": 1716109890.6233296, "_runtime": 4855.638680696487, "_step": 1093, "eval_loss": 0.9446293115615845, "eval_runtime": 16.2149, "eval_samples_per_second": 25.655, "eval_steps_per_second": 3.207, "eval_rewards/chosen": -0.061505768448114395, "eval_rewards/rejected": -0.10761792957782745, "eval_rewards/accuracies": 0.6033653616905212, "eval_rewards/margins": 0.04611216112971306, "eval_logps/rejected": -163.26332092285156, "eval_logps/chosen": -124.02490234375, "eval_logps/ref_rejected": -162.18711853027344, "eval_logps/ref_chosen": -123.40984344482422, "eval_logits/rejected": -2.9512956142425537, "eval_logits/chosen": -2.96624493598938, "train_runtime": 4666.6649, "train_samples_per_second": 8.914, "train_steps_per_second": 1.114, "total_flos": 0.0, "train_loss": 0.9503180573078303, "_wandb": {"runtime": 4858}}