{"loss": 0.95785408, "acc": 0.71931643, "grad_norm": 2.125, "learning_rate": 6.584362139917695e-09, "epoch": 1.0, "_timestamp": 1714299735.5509872, "_runtime": 13045.32469534874, "_step": 384, "eval_loss": 0.9075854420661926, "eval_acc": 0.7266035940613611, "eval_runtime": 28.9543, "eval_samples_per_second": 14.264, "eval_steps_per_second": 0.449, "train_runtime": 12998.3814, "train_samples_per_second": 3.147, "train_steps_per_second": 0.098, "total_flos": 2.916712488169267e+17, "train_loss": 0.9722498193022047, "_wandb": {"runtime": 13045}}