{"loss": 0.94219198, "acc": 0.72229471, "grad_norm": 1.4375, "learning_rate": 1.646090534979424e-07, "epoch": 1.0, "_timestamp": 1714376086.6342874, "_runtime": 13076.877764463425, "_step": 384, "eval_loss": 0.8917213082313538, "eval_acc": 0.7303376837872287, "eval_runtime": 28.9627, "eval_samples_per_second": 14.26, "eval_steps_per_second": 0.449, "train_runtime": 13025.5173, "train_samples_per_second": 3.14, "train_steps_per_second": 0.098, "total_flos": 2.916712488169267e+17, "train_loss": 0.9631862249851599, "_wandb": {"runtime": 13077}}