{"loss": 0.86315756, "grad_norm": 44.75, "learning_rate": 0.0, "rewards/chosen": -0.00026806368259713054, "rewards/rejected": -0.32309824228286743, "rewards/accuracies": 0.7749999761581421, "rewards/margins": 0.3228301405906677, "logps/rejected": -204.65567016601562, "logps/chosen": -134.07672119140625, "logps/ref_rejected": -201.4246826171875, "logps/ref_chosen": -134.0740509033203, "logits/rejected": -3.158860683441162, "logits/chosen": -3.138077735900879, "epoch": 1.0, "_timestamp": 1716052209.337906, "_runtime": 4822.117894887924, "_step": 1093, "eval_loss": 0.9137710332870483, "eval_runtime": 16.1926, "eval_samples_per_second": 25.691, "eval_steps_per_second": 3.211, "eval_rewards/chosen": -0.010636442340910435, "eval_rewards/rejected": -0.18593335151672363, "eval_rewards/accuracies": 0.6129807829856873, "eval_rewards/margins": 0.17529691755771637, "eval_logps/rejected": -164.04647827148438, "eval_logps/chosen": -123.51620483398438, "eval_logps/ref_rejected": -162.18711853027344, "eval_logps/ref_chosen": -123.40984344482422, "eval_logits/rejected": -3.0989747047424316, "eval_logits/chosen": -3.118408441543579, "train_runtime": 4632.3546, "train_samples_per_second": 8.98, "train_steps_per_second": 1.123, "total_flos": 0.0, "train_loss": 0.9190603358928974, "_wandb": {"runtime": 4825}}