{"loss": 0.82546539, "grad_norm": 18.25, "learning_rate": 1.9635627530364373e-06, "rewards/chosen": 0.4374498724937439, "rewards/rejected": 0.3811318278312683, "rewards/accuracies": 0.574999988079071, "rewards/margins": 0.05631806701421738, "logps/rejected": -96.6568374633789, "logps/chosen": -79.90782165527344, "logps/ref_rejected": -100.46815490722656, "logps/ref_chosen": -84.28231048583984, "logits/rejected": 0.03445751219987869, "logits/chosen": -0.0356290228664875, "epoch": 0.07, "_timestamp": 1714100133.851007, "_runtime": 1675.597573041916, "_step": 36, "eval_loss": 0.8576545715332031, "eval_runtime": 107.6537, "eval_samples_per_second": 3.864, "eval_steps_per_second": 0.242, "eval_rewards/chosen": 0.168903186917305, "eval_rewards/rejected": 0.16058304905891418, "eval_rewards/accuracies": 0.5216346383094788, "eval_rewards/margins": 0.008320108987390995, "eval_logps/rejected": -107.70958709716797, "eval_logps/chosen": -84.52104187011719, "eval_logps/ref_rejected": -109.31541442871094, "eval_logps/ref_chosen": -86.21006774902344, "eval_logits/rejected": 0.09719104319810867, "eval_logits/chosen": 0.031866975128650665}