{"loss": 0.86131639, "grad_norm": 44.75, "learning_rate": 0.0, "rewards/chosen": 0.001176526420749724, "rewards/rejected": -0.32986509799957275, "rewards/accuracies": 0.7749999761581421, "rewards/margins": 0.3310416340827942, "logps/rejected": -204.7233428955078, "logps/chosen": -134.06228637695312, "logps/ref_rejected": -201.4246826171875, "logps/ref_chosen": -134.0740509033203, "logits/rejected": -3.159928321838379, "logits/chosen": -3.139350175857544, "epoch": 1.0, "_timestamp": 1716093461.9962788, "_runtime": 4823.41637468338, "_step": 1093, "eval_loss": 0.9135887622833252, "eval_runtime": 16.2071, "eval_samples_per_second": 25.668, "eval_steps_per_second": 3.208, "eval_rewards/chosen": -0.00935877300798893, "eval_rewards/rejected": -0.18552592396736145, "eval_rewards/accuracies": 0.6153846383094788, "eval_rewards/margins": 0.17616716027259827, "eval_logps/rejected": -164.04238891601562, "eval_logps/chosen": -123.50341796875, "eval_logps/ref_rejected": -162.18711853027344, "eval_logps/ref_chosen": -123.40984344482422, "eval_logits/rejected": -3.0977044105529785, "eval_logits/chosen": -3.117513418197632, "train_runtime": 4634.9609, "train_samples_per_second": 8.975, "train_steps_per_second": 1.122, "total_flos": 0.0, "train_loss": 0.9189903556842071, "_wandb": {"runtime": 4826}}