{"loss": 0.85715828, "grad_norm": 79.5, "learning_rate": 1.923076923076923e-06, "rewards/chosen": 0.030668403953313828, "rewards/rejected": 0.05470091849565506, "rewards/accuracies": 0.4000000059604645, "rewards/margins": -0.024032510817050934, "logps/rejected": -115.9024429321289, "logps/chosen": -92.33751678466797, "logps/ref_rejected": -116.44944763183594, "logps/ref_chosen": -92.64420318603516, "logits/rejected": 0.1799207627773285, "logits/chosen": 0.0793863981962204, "epoch": 0.05, "_timestamp": 1713937321.1318014, "_runtime": 2589.0317034721375, "_step": 37, "eval_loss": 0.8572810292243958, "eval_runtime": 108.1344, "eval_samples_per_second": 3.847, "eval_steps_per_second": 0.24, "eval_rewards/chosen": 0.03346649184823036, "eval_rewards/rejected": 0.030734924599528313, "eval_rewards/accuracies": 0.504807710647583, "eval_rewards/margins": 0.0027315651532262564, "eval_logps/rejected": -109.00806427001953, "eval_logps/chosen": -85.87540435791016, "eval_logps/ref_rejected": -109.31541442871094, "eval_logps/ref_chosen": -86.21006774902344, "eval_logits/rejected": 0.04833167418837547, "eval_logits/chosen": -0.02247537486255169}