{"loss": 0.95780907, "acc": 0.71746254, "grad_norm": 1.8203125, "learning_rate": 9.777777777777778e-07, "epoch": 1.0, "_timestamp": 1713783889.2950647, "_runtime": 7028.365440607071, "_step": 206, "eval_loss": 0.9082236886024475, "eval_acc": 0.7276807353284384, "eval_runtime": 28.9365, "eval_samples_per_second": 14.273, "eval_steps_per_second": 0.449, "train_runtime": 6983.8219, "train_samples_per_second": 5.857, "train_steps_per_second": 0.183, "total_flos": 2.916712488169267e+17, "train_loss": 0.5188518662859072, "_wandb": {"runtime": 7028}}