{"loss": 0.96439762, "acc": 0.71789913, "grad_norm": 2.1875, "learning_rate": 6.584362139917695e-09, "epoch": 1.0, "_timestamp": 1716216220.8621716, "_runtime": 13099.872829675674, "_step": 384, "eval_loss": 0.9136453866958618, "eval_acc": 0.7273934976572177, "eval_runtime": 28.972, "eval_samples_per_second": 14.255, "eval_steps_per_second": 0.449, "train_runtime": 13050.9271, "train_samples_per_second": 3.134, "train_steps_per_second": 0.098, "total_flos": 2.916712488169267e+17, "train_loss": 0.9858741405142575, "_wandb": {"runtime": 13100}}