{"loss": 0.8619544, "grad_norm": 45.75, "learning_rate": 0.0, "rewards/chosen": 0.0003215082106180489, "rewards/rejected": -0.3276446461677551, "rewards/accuracies": 0.7749999761581421, "rewards/margins": 0.3279661536216736, "logps/rejected": -204.70114135742188, "logps/chosen": -134.07083129882812, "logps/ref_rejected": -201.4246826171875, "logps/ref_chosen": -134.0740509033203, "logits/rejected": -3.1603751182556152, "logits/chosen": -3.139134645462036, "epoch": 1.0, "_timestamp": 1716088479.7523048, "_runtime": 4819.992169857025, "_step": 1093, "eval_loss": 0.9145210981369019, "eval_runtime": 16.2038, "eval_samples_per_second": 25.673, "eval_steps_per_second": 3.209, "eval_rewards/chosen": -0.012584242969751358, "eval_rewards/rejected": -0.18620380759239197, "eval_rewards/accuracies": 0.6057692170143127, "eval_rewards/margins": 0.1736195683479309, "eval_logps/rejected": -164.0491485595703, "eval_logps/chosen": -123.53568267822266, "eval_logps/ref_rejected": -162.18711853027344, "eval_logps/ref_chosen": -123.40984344482422, "eval_logits/rejected": -3.098525047302246, "eval_logits/chosen": -3.1181042194366455, "train_runtime": 4632.7269, "train_samples_per_second": 8.98, "train_steps_per_second": 1.122, "total_flos": 0.0, "train_loss": 0.9190803864827523, "_wandb": {"runtime": 4823}}