{"loss": 0.94204416, "grad_norm": 53.75, "learning_rate": 1.8825910931174087e-06, "rewards/chosen": -0.05839911848306656, "rewards/rejected": -0.08218364417552948, "rewards/accuracies": 0.6000000238418579, "rewards/margins": 0.023784518241882324, "logps/rejected": -137.81288146972656, "logps/chosen": -102.51849365234375, "logps/ref_rejected": -136.9910430908203, "logps/ref_chosen": -101.93450164794922, "logits/rejected": -3.0071165561676025, "logits/chosen": -2.9636759757995605, "epoch": 0.11, "_timestamp": 1716046707.9001348, "_runtime": 671.6894998550415, "_step": 115, "eval_loss": 0.9325323104858398, "eval_runtime": 16.1694, "eval_samples_per_second": 25.728, "eval_steps_per_second": 3.216, "eval_rewards/chosen": -0.030697699636220932, "eval_rewards/rejected": -0.10803861916065216, "eval_rewards/accuracies": 0.6009615659713745, "eval_rewards/margins": 0.07734092324972153, "eval_logps/rejected": -163.26751708984375, "eval_logps/chosen": -123.71681213378906, "eval_logps/ref_rejected": -162.18711853027344, "eval_logps/ref_chosen": -123.40984344482422, "eval_logits/rejected": -2.985106945037842, "eval_logits/chosen": -3.000720739364624}