{"loss": 0.94391861, "acc": 0.72109904, "grad_norm": 1.828125, "learning_rate": 3.292181069958848e-08, "epoch": 1.0, "_timestamp": 1714464421.7663124, "_runtime": 13047.588827371597, "_step": 384, "eval_loss": 0.8941106200218201, "eval_acc": 0.7303197314327774, "eval_runtime": 28.9528, "eval_samples_per_second": 14.265, "eval_steps_per_second": 0.449, "train_runtime": 12995.8933, "train_samples_per_second": 3.148, "train_steps_per_second": 0.098, "total_flos": 2.916712488169267e+17, "train_loss": 0.9541260475661253, "_wandb": {"runtime": 13048}}