{"loss": 0.86371422, "grad_norm": 18.375, "learning_rate": 7.692307692307692e-08, "rewards/chosen": 0.0015548034571111202, "rewards/rejected": -0.00117475725710392, "rewards/accuracies": 0.34375, "rewards/margins": 0.00272956071421504, "logps/rejected": -102.49623107910156, "logps/chosen": -76.99496459960938, "logps/ref_rejected": -102.48448181152344, "logps/ref_chosen": -77.01051330566406, "logits/rejected": 0.08259978145360947, "logits/chosen": 0.023819711059331894, "epoch": 0.0, "_timestamp": 1714098368.6904027, "_runtime": 235.27390480041504, "_step": 1}