{"loss": 0.85933673, "grad_norm": 7.96875, "learning_rate": 1.176470588235294e-07, "rewards/chosen": 0.0, "rewards/rejected": 0.0, "rewards/accuracies": 0.0, "rewards/margins": 0.0, "logps/rejected": -105.37297058105469, "logps/chosen": -82.78606414794922, "logps/ref_rejected": -105.37297058105469, "logps/ref_chosen": -82.78606414794922, "logits/rejected": 0.08769635856151581, "logits/chosen": 0.05606021359562874, "epoch": 0.0, "_timestamp": 1713858840.4256394, "_runtime": 253.5259792804718, "_step": 0}