{"loss": 0.82012711, "grad_norm": 35.5, "learning_rate": 1.2874493927125506e-06, "rewards/chosen": 0.3133966326713562, "rewards/rejected": 0.23546472191810608, "rewards/accuracies": 0.612500011920929, "rewards/margins": 0.0779319554567337, "logps/rejected": -108.5565414428711, "logps/chosen": -92.3760986328125, "logps/ref_rejected": -110.91120910644531, "logps/ref_chosen": -95.51007080078125, "logits/rejected": 0.09183022379875183, "logits/chosen": 0.05463084578514099, "epoch": 0.77, "_timestamp": 1713933398.6694663, "_runtime": 19916.273178339005, "_step": 301, "eval_loss": 0.8043391704559326, "eval_runtime": 107.7643, "eval_samples_per_second": 3.86, "eval_steps_per_second": 0.241, "eval_rewards/chosen": 0.3777408003807068, "eval_rewards/rejected": 0.2759694457054138, "eval_rewards/accuracies": 0.6538461446762085, "eval_rewards/margins": 0.10177138447761536, "eval_logps/rejected": -106.55571746826172, "eval_logps/chosen": -82.43265533447266, "eval_logps/ref_rejected": -109.31541442871094, "eval_logps/ref_chosen": -86.21006774902344, "eval_logits/rejected": 0.07704003900289536, "eval_logits/chosen": 0.017274685204029083}