{"loss": 0.88224306, "grad_norm": 49.0, "learning_rate": 0.0, "rewards/chosen": -0.10360927879810333, "rewards/rejected": -0.3766895830631256, "rewards/accuracies": 0.800000011920929, "rewards/margins": 0.27308031916618347, "logps/rejected": -205.1915740966797, "logps/chosen": -135.11013793945312, "logps/ref_rejected": -201.4246826171875, "logps/ref_chosen": -134.0740509033203, "logits/rejected": -3.0721263885498047, "logits/chosen": -3.0441393852233887, "epoch": 1.0, "_timestamp": 1716104981.4245386, "_runtime": 4857.2041015625, "_step": 1093, "eval_loss": 0.9244635105133057, "eval_runtime": 16.2127, "eval_samples_per_second": 25.659, "eval_steps_per_second": 3.207, "eval_rewards/chosen": -0.08871869742870331, "eval_rewards/rejected": -0.23080399632453918, "eval_rewards/accuracies": 0.6033653616905212, "eval_rewards/margins": 0.14208531379699707, "eval_logps/rejected": -164.49514770507812, "eval_logps/chosen": -124.29703521728516, "eval_logps/ref_rejected": -162.18711853027344, "eval_logps/ref_chosen": -123.40984344482422, "eval_logits/rejected": -3.010608434677124, "eval_logits/chosen": -3.0285122394561768, "train_runtime": 4668.1291, "train_samples_per_second": 8.911, "train_steps_per_second": 1.114, "total_flos": 0.0, "train_loss": 0.9359536426342451, "_wandb": {"runtime": 4860}}