{"loss": 0.76513848, "grad_norm": 31.5, "learning_rate": 0.0, "rewards/chosen": 0.3981102406978607, "rewards/rejected": -0.2726094126701355, "rewards/accuracies": 0.7749999761581421, "rewards/margins": 0.6707196235656738, "logps/rejected": -204.15078735351562, "logps/chosen": -130.0929412841797, "logps/ref_rejected": -201.4246826171875, "logps/ref_chosen": -134.0740509033203, "logits/rejected": -3.369640350341797, "logits/chosen": -3.3738529682159424, "epoch": 1.0, "_timestamp": 1716399243.241075, "_runtime": 4863.409088134766, "_step": 1093, "eval_loss": 0.8853241205215454, "eval_runtime": 16.2102, "eval_samples_per_second": 25.663, "eval_steps_per_second": 3.208, "eval_rewards/chosen": 0.2454862743616104, "eval_rewards/rejected": -0.07878070324659348, "eval_rewards/accuracies": 0.6370192170143127, "eval_rewards/margins": 0.3242669701576233, "eval_logps/rejected": -162.9749298095703, "eval_logps/chosen": -120.95497131347656, "eval_logps/ref_rejected": -162.18711853027344, "eval_logps/ref_chosen": -123.40984344482422, "eval_logits/rejected": -3.3191099166870117, "eval_logits/chosen": -3.3421480655670166, "train_runtime": 4673.9748, "train_samples_per_second": 8.9, "train_steps_per_second": 1.113, "total_flos": 0.0, "train_loss": 0.8862620894267009, "_wandb": {"runtime": 4866}}