{"loss": 0.8053297, "grad_norm": 23.0, "learning_rate": 0.0, "rewards/chosen": 0.37181025743484497, "rewards/rejected": 0.27614885568618774, "rewards/accuracies": 0.6000000238418579, "rewards/margins": 0.09566140174865723, "logps/rejected": -108.1560287475586, "logps/chosen": -80.24996948242188, "logps/ref_rejected": -110.91751861572266, "logps/ref_chosen": -83.96807861328125, "logits/rejected": -0.09554357826709747, "logits/chosen": -0.16838890314102173, "epoch": 1.0, "_timestamp": 1715420564.8411472, "_runtime": 23735.612681150436, "_step": 547, "eval_loss": 0.8134711980819702, "eval_runtime": 108.0166, "eval_samples_per_second": 3.851, "eval_steps_per_second": 0.241, "eval_rewards/chosen": 0.33748292922973633, "eval_rewards/rejected": 0.2606552541255951, "eval_rewards/accuracies": 0.6153846383094788, "eval_rewards/margins": 0.07682769745588303, "eval_logps/rejected": -106.7088623046875, "eval_logps/chosen": -82.83524322509766, "eval_logps/ref_rejected": -109.31541442871094, "eval_logps/ref_chosen": -86.21006774902344, "eval_logits/rejected": 0.07643769681453705, "eval_logits/chosen": 0.0057246205396950245, "train_runtime": 23545.6119, "train_samples_per_second": 1.767, "train_steps_per_second": 0.11, "total_flos": 0.0, "train_loss": 0.8229404505170309, "_wandb": {"runtime": 23738}}