{"loss": 0.91055613, "grad_norm": 16.0, "learning_rate": 0.0, "rewards/chosen": -0.022967509925365448, "rewards/rejected": -0.14898034930229187, "rewards/accuracies": 0.667187511920929, "rewards/margins": 0.12601284682750702, "logps/rejected": -158.78329467773438, "logps/chosen": -115.3215560913086, "logps/ref_rejected": -157.29351806640625, "logps/ref_chosen": -115.09187316894531, "logits/rejected": -3.015815019607544, "logits/chosen": -3.0249016284942627, "epoch": 1.0, "_timestamp": 1716185419.8335285, "_runtime": 3791.4694554805756, "_step": 70, "eval_loss": 0.9220001697540283, "eval_runtime": 16.2094, "eval_samples_per_second": 25.664, "eval_steps_per_second": 3.208, "eval_rewards/chosen": -0.03958803042769432, "eval_rewards/rejected": -0.16014140844345093, "eval_rewards/accuracies": 0.620192289352417, "eval_rewards/margins": 0.12055337429046631, "eval_logps/rejected": -163.78854370117188, "eval_logps/chosen": -123.80571746826172, "eval_logps/ref_rejected": -162.18711853027344, "eval_logps/ref_chosen": -123.40984344482422, "eval_logits/rejected": -3.0195910930633545, "eval_logits/chosen": -3.037181854248047, "train_runtime": 3602.7805, "train_samples_per_second": 11.547, "train_steps_per_second": 0.09, "total_flos": 0.0, "train_loss": 0.9315190759071937, "_wandb": {"runtime": 3793}}