{"loss": 0.86155033, "grad_norm": 45.0, "learning_rate": 0.0, "rewards/chosen": 0.002290502190589905, "rewards/rejected": -0.3263692855834961, "rewards/accuracies": 0.824999988079071, "rewards/margins": 0.3286598026752472, "logps/rejected": -204.68838500976562, "logps/chosen": -134.0511474609375, "logps/ref_rejected": -201.4246826171875, "logps/ref_chosen": -134.0740509033203, "logits/rejected": -3.159796953201294, "logits/chosen": -3.1394546031951904, "epoch": 1.0, "_timestamp": 1716098330.6890643, "_runtime": 4819.633317232132, "_step": 1093, "eval_loss": 0.9143266081809998, "eval_runtime": 16.223, "eval_samples_per_second": 25.643, "eval_steps_per_second": 3.205, "eval_rewards/chosen": -0.008849192410707474, "eval_rewards/rejected": -0.18283437192440033, "eval_rewards/accuracies": 0.6177884340286255, "eval_rewards/margins": 0.17398518323898315, "eval_logps/rejected": -164.01547241210938, "eval_logps/chosen": -123.49833679199219, "eval_logps/ref_rejected": -162.18711853027344, "eval_logps/ref_chosen": -123.40984344482422, "eval_logits/rejected": -3.100532054901123, "eval_logits/chosen": -3.120410442352295, "train_runtime": 4632.0327, "train_samples_per_second": 8.981, "train_steps_per_second": 1.123, "total_flos": 0.0, "train_loss": 0.919128161760477, "_wandb": {"runtime": 4822}}