{"loss": 0.91373034, "grad_norm": 22.375, "learning_rate": 0.0, "rewards/chosen": -0.012192136608064175, "rewards/rejected": -0.13755404949188232, "rewards/accuracies": 0.653124988079071, "rewards/margins": 0.12536193430423737, "logps/rejected": -156.81423950195312, "logps/chosen": -115.07698822021484, "logps/ref_rejected": -155.438720703125, "logps/ref_chosen": -114.955078125, "logits/rejected": -3.0457305908203125, "logits/chosen": -3.0515811443328857, "epoch": 1.0, "_timestamp": 1716181577.236292, "_runtime": 3855.3918509483337, "_step": 138, "eval_loss": 0.9212963581085205, "eval_runtime": 16.1956, "eval_samples_per_second": 25.686, "eval_steps_per_second": 3.211, "eval_rewards/chosen": -0.02582632564008236, "eval_rewards/rejected": -0.1519872546195984, "eval_rewards/accuracies": 0.6105769276618958, "eval_rewards/margins": 0.12616094946861267, "eval_logps/rejected": -163.70700073242188, "eval_logps/chosen": -123.66809844970703, "eval_logps/ref_rejected": -162.18711853027344, "eval_logps/ref_chosen": -123.40984344482422, "eval_logits/rejected": -3.0398876667022705, "eval_logits/chosen": -3.0576791763305664, "train_runtime": 3667.8691, "train_samples_per_second": 11.342, "train_steps_per_second": 0.177, "total_flos": 0.0, "train_loss": 0.9281363246074089, "_wandb": {"runtime": 3858}}