{"loss": 1.00164089, "acc": 0.70736899, "grad_norm": 1.3828125, "learning_rate": 5.2980132450331126e-08, "epoch": 1.0, "_timestamp": 1714078327.1361227, "_runtime": 8677.798963785172, "_step": 48, "eval_loss": 0.9486173987388611, "eval_acc": 0.7206793170924367, "eval_runtime": 28.9844, "eval_samples_per_second": 14.249, "eval_steps_per_second": 0.449, "train_runtime": 8631.1168, "train_samples_per_second": 4.739, "train_steps_per_second": 0.018, "total_flos": 2.901966606611251e+17, "train_loss": 1.0258350837155708, "_wandb": {"runtime": 8678}}