{"loss": 0.8089572, "grad_norm": 24.0, "learning_rate": 0.0, "rewards/chosen": 0.27284449338912964, "rewards/rejected": 0.17852714657783508, "rewards/accuracies": 0.7124999761581421, "rewards/margins": 0.09431739896535873, "logps/rejected": -109.13224029541016, "logps/chosen": -81.23963165283203, "logps/ref_rejected": -110.91751861572266, "logps/ref_chosen": -83.96807861328125, "logits/rejected": -0.09788821637630463, "logits/chosen": -0.16197362542152405, "epoch": 1.0, "_timestamp": 1714714292.8445683, "_runtime": 23779.348601341248, "_step": 547, "eval_loss": 0.8251374959945679, "eval_runtime": 107.9157, "eval_samples_per_second": 3.855, "eval_steps_per_second": 0.241, "eval_rewards/chosen": 0.24832028150558472, "eval_rewards/rejected": 0.1956707090139389, "eval_rewards/accuracies": 0.6057692170143127, "eval_rewards/margins": 0.0526496097445488, "eval_logps/rejected": -107.35871124267578, "eval_logps/chosen": -83.72686004638672, "eval_logps/ref_rejected": -109.31541442871094, "eval_logps/ref_chosen": -86.21006774902344, "eval_logits/rejected": 0.07206204533576965, "eval_logits/chosen": 0.004840471316128969, "train_runtime": 23588.1508, "train_samples_per_second": 1.764, "train_steps_per_second": 0.11, "total_flos": 0.0, "train_loss": 0.8330621472459573, "_wandb": {"runtime": 23782}}