{"loss": 0.79461403, "grad_norm": 17.75, "learning_rate": 0.0, "rewards/chosen": 0.4663366377353668, "rewards/rejected": 0.3402377665042877, "rewards/accuracies": 0.6499999761581421, "rewards/margins": 0.1260988563299179, "logps/rejected": -107.51512145996094, "logps/chosen": -79.30470275878906, "logps/ref_rejected": -110.91751861572266, "logps/ref_chosen": -83.96807861328125, "logits/rejected": -0.10159523785114288, "logits/chosen": -0.17199142277240753, "epoch": 1.0, "_timestamp": 1715244926.9478898, "_runtime": 23711.74980378151, "_step": 547, "eval_loss": 0.8060623407363892, "eval_runtime": 107.969, "eval_samples_per_second": 3.853, "eval_steps_per_second": 0.241, "eval_rewards/chosen": 0.40434062480926514, "eval_rewards/rejected": 0.297760546207428, "eval_rewards/accuracies": 0.6370192170143127, "eval_rewards/margins": 0.10658005625009537, "eval_logps/rejected": -106.33780670166016, "eval_logps/chosen": -82.16666412353516, "eval_logps/ref_rejected": -109.31541442871094, "eval_logps/ref_chosen": -86.21006774902344, "eval_logits/rejected": 0.07979472726583481, "eval_logits/chosen": 0.00856718234717846, "train_runtime": 23521.829, "train_samples_per_second": 1.769, "train_steps_per_second": 0.111, "total_flos": 0.0, "train_loss": 0.8209848840190814, "_wandb": {"runtime": 23714}}