{"loss": 0.93856907, "acc": 0.72204413, "grad_norm": 1.7265625, "learning_rate": 3.292181069958848e-08, "epoch": 1.0, "_timestamp": 1714406427.3686113, "_runtime": 13067.596739292145, "_step": 384, "eval_loss": 0.8887907266616821, "eval_acc": 0.7323303951313215, "eval_runtime": 28.9779, "eval_samples_per_second": 14.252, "eval_steps_per_second": 0.449, "train_runtime": 13019.1015, "train_samples_per_second": 3.142, "train_steps_per_second": 0.098, "total_flos": 2.916712488169267e+17, "train_loss": 0.9467822568690618, "_wandb": {"runtime": 13068}}