{"loss": 0.83243341, "grad_norm": 4.375, "learning_rate": 5.490196078431373e-07, "rewards/chosen": 0.1327180415391922, "rewards/rejected": 0.09753572940826416, "rewards/accuracies": 0.5726562738418579, "rewards/margins": 0.035182319581508636, "logps/rejected": -112.1144027709961, "logps/chosen": -88.46078491210938, "logps/ref_rejected": -113.08975982666016, "logps/ref_chosen": -89.7879638671875, "logits/rejected": 0.06750275194644928, "logits/chosen": 0.01180953998118639, "epoch": 0.74, "_timestamp": 1714029476.3704634, "_runtime": 16710.34587740898, "_step": 36, "eval_loss": 0.8328348994255066, "eval_runtime": 107.761, "eval_samples_per_second": 3.86, "eval_steps_per_second": 0.241, "eval_rewards/chosen": 0.14718061685562134, "eval_rewards/rejected": 0.10313092917203903, "eval_rewards/accuracies": 0.598557710647583, "eval_rewards/margins": 0.04404968395829201, "eval_logps/rejected": -108.28410339355469, "eval_logps/chosen": -84.73826599121094, "eval_logps/ref_rejected": -109.31541442871094, "eval_logps/ref_chosen": -86.21006774902344, "eval_logits/rejected": 0.06293408572673798, "eval_logits/chosen": -0.005601456388831139}