{"loss": 0.93509779, "acc": 0.72407913, "grad_norm": 1.640625, "learning_rate": 6.584362139917696e-08, "epoch": 1.0, "_timestamp": 1715067024.5154984, "_runtime": 13395.254853487015, "_step": 384, "eval_loss": 0.8856626749038696, "eval_acc": 0.7320431574601008, "eval_runtime": 28.9946, "eval_samples_per_second": 14.244, "eval_steps_per_second": 0.448, "train_runtime": 13344.068, "train_samples_per_second": 3.065, "train_steps_per_second": 0.096, "total_flos": 2.916712488169267e+17, "train_loss": 0.9437507719057813, "_wandb": {"runtime": 13395}}