{"loss": 0.7733954, "grad_norm": 16.25, "learning_rate": 0.0, "rewards/chosen": 0.5197767019271851, "rewards/rejected": 0.3332372307777405, "rewards/accuracies": 0.612500011920929, "rewards/margins": 0.18653956055641174, "logps/rejected": -107.58512878417969, "logps/chosen": -78.77030944824219, "logps/ref_rejected": -110.91751861572266, "logps/ref_chosen": -83.96807861328125, "logits/rejected": -0.10258559882640839, "logits/chosen": -0.16122177243232727, "epoch": 1.0, "_timestamp": 1714172288.0603, "_runtime": 23708.75116610527, "_step": 547, "eval_loss": 0.7819201350212097, "eval_runtime": 107.732, "eval_samples_per_second": 3.861, "eval_steps_per_second": 0.241, "eval_rewards/chosen": 0.4755712151527405, "eval_rewards/rejected": 0.30675947666168213, "eval_rewards/accuracies": 0.6394230723381042, "eval_rewards/margins": 0.16881176829338074, "eval_logps/rejected": -106.247802734375, "eval_logps/chosen": -81.45435333251953, "eval_logps/ref_rejected": -109.31541442871094, "eval_logps/ref_chosen": -86.21006774902344, "eval_logits/rejected": 0.08185771852731705, "eval_logits/chosen": 0.008330972865223885, "train_runtime": 23518.9152, "train_samples_per_second": 1.769, "train_steps_per_second": 0.111, "total_flos": 0.0, "train_loss": 0.8015379438721216, "_wandb": {"runtime": 23710}}