{"loss": 0.86183828, "grad_norm": 18.75, "learning_rate": 1.5384615384615385e-08, "rewards/chosen": 0.0, "rewards/rejected": 0.0, "rewards/accuracies": 0.0, "rewards/margins": 0.0, "logps/rejected": -146.0755157470703, "logps/chosen": -126.09461975097656, "logps/ref_rejected": -146.0755157470703, "logps/ref_chosen": -126.09461975097656, "logits/rejected": -0.16144658625125885, "logits/chosen": 0.009343547746539116, "epoch": 0.0, "_timestamp": 1714225613.0744743, "_runtime": 199.77360725402832, "_step": 0}