{"loss": 0.86049376, "grad_norm": 44.25, "learning_rate": 0.0, "rewards/chosen": -0.00015703887038398534, "rewards/rejected": -0.33006468415260315, "rewards/accuracies": 0.7749999761581421, "rewards/margins": 0.32990771532058716, "logps/rejected": -204.72532653808594, "logps/chosen": -134.07562255859375, "logps/ref_rejected": -201.4246826171875, "logps/ref_chosen": -134.0740509033203, "logits/rejected": -3.160827875137329, "logits/chosen": -3.1399497985839844, "epoch": 1.0, "_timestamp": 1716390976.109966, "_runtime": 4821.421600103378, "_step": 1093, "eval_loss": 0.9134047627449036, "eval_runtime": 16.2102, "eval_samples_per_second": 25.663, "eval_steps_per_second": 3.208, "eval_rewards/chosen": -0.009337923489511013, "eval_rewards/rejected": -0.18584653735160828, "eval_rewards/accuracies": 0.620192289352417, "eval_rewards/margins": 0.17650863528251648, "eval_logps/rejected": -164.0455780029297, "eval_logps/chosen": -123.50321960449219, "eval_logps/ref_rejected": -162.18711853027344, "eval_logps/ref_chosen": -123.40984344482422, "eval_logits/rejected": -3.100371837615967, "eval_logits/chosen": -3.1204211711883545, "train_runtime": 4632.874, "train_samples_per_second": 8.979, "train_steps_per_second": 1.122, "total_flos": 0.0, "train_loss": 0.9191262740813769, "_wandb": {"runtime": 4824}}