{"eval_loss": 0.923490583896637, "_timestamp": 1713343429.9552681, "_runtime": 343.9036180973053, "_step": 2}