{"loss": 0.85144997, "grad_norm": 21.0, "learning_rate": 0.0, "rewards/chosen": 0.10827448219060898, "rewards/rejected": 0.10174980014562607, "rewards/accuracies": 0.5375000238418579, "rewards/margins": 0.006524692289531231, "logps/rejected": -109.90000915527344, "logps/chosen": -82.88533020019531, "logps/ref_rejected": -110.91751861572266, "logps/ref_chosen": -83.96807861328125, "logits/rejected": -0.11938919126987457, "logits/chosen": -0.18774476647377014, "epoch": 1.0, "_timestamp": 1715695054.313239, "_runtime": 23743.976891994476, "_step": 547, "eval_loss": 0.8446190357208252, "eval_runtime": 107.8759, "eval_samples_per_second": 3.856, "eval_steps_per_second": 0.241, "eval_rewards/chosen": 0.09966328740119934, "eval_rewards/rejected": 0.07743585109710693, "eval_rewards/accuracies": 0.5552884340286255, "eval_rewards/margins": 0.022227438166737556, "eval_logps/rejected": -108.54105377197266, "eval_logps/chosen": -85.21343231201172, "eval_logps/ref_rejected": -109.31541442871094, "eval_logps/ref_chosen": -86.21006774902344, "eval_logits/rejected": 0.05944482982158661, "eval_logits/chosen": -0.012025083415210247, "train_runtime": 23552.2938, "train_samples_per_second": 1.766, "train_steps_per_second": 0.11, "total_flos": 0.0, "train_loss": 0.8507950189251167, "_wandb": {"runtime": 23746}}