{"loss": 0.94169245, "acc": 0.72142334, "grad_norm": 2.109375, "learning_rate": 3.292181069958848e-08, "epoch": 1.0, "_timestamp": 1714419805.4037032, "_runtime": 13070.982855319977, "_step": 384, "eval_loss": 0.8913576602935791, "eval_acc": 0.7313789203454033, "eval_runtime": 28.9846, "eval_samples_per_second": 14.249, "eval_steps_per_second": 0.449, "train_runtime": 13006.3635, "train_samples_per_second": 3.145, "train_steps_per_second": 0.098, "total_flos": 2.916712488169267e+17, "train_loss": 0.950253795794531, "_wandb": {"runtime": 13071}}