{"loss": 1.00164089, "acc": 0.70736899, "grad_norm": 1.3828125, "learning_rate": 5.2980132450331126e-08, "epoch": 1.0, "_timestamp": 1714317451.115693, "_runtime": 8674.697288036346, "_step": 48, "eval_loss": 0.9486173987388611, "eval_acc": 0.7206793170924367, "eval_runtime": 28.9538, "eval_samples_per_second": 14.264, "eval_steps_per_second": 0.449, "train_runtime": 8625.1522, "train_samples_per_second": 4.743, "train_steps_per_second": 0.018, "total_flos": 2.901966606611251e+17, "train_loss": 1.0258350837155708, "_wandb": {"runtime": 8674}}