{"learning_rate": 1.5947712418300653e-06, "eval_samples_per_second": 3.864, "epoch": 1.0, "logps/chosen": -83.99583435058594, "logps/rejected": -102.6538314819336, "rewards/accuracies": 0.561718761920929, "eval_rewards/margins": 0.05511442571878433, "eval_rewards/rejected": 0.15136073529720306, "eval_logits/chosen": -0.00455069076269865, "eval_logits/rejected": 0.06385470181703568, "eval_logps/ref_chosen": -86.21006774902344, "eval_logps/ref_rejected": -109.31541442871094, "eval_rewards/accuracies": 0.6105769276618958, "eval_loss": 0.8267660140991211, "eval_runtime": 107.6723, "logits/chosen": 0.03203421086072922, "rewards/rejected": 0.1639919877052307, "grad_norm": 5.28125, "rewards/margins": 0.03364168852567673, "logps/ref_chosen": -85.97216796875, "_timestamp": 1714041678.5496213, "rewards/chosen": 0.19763369858264923, "logits/rejected": 0.08086229115724564, "loss": 0.83691454, "_step": 50, "_runtime": 23363.933443307877, "eval_logps/rejected": -107.80181121826172, "eval_logps/chosen": -84.14531707763672, "logps/ref_rejected": -104.29374694824219, "eval_rewards/chosen": 0.206475168466568, "eval_steps_per_second": 0.241, "train_runtime": 5833.3289, "train_samples_per_second": 7.131, "train_steps_per_second": 0.028, "total_flos": 0.0, "train_loss": 0.21661215505482237, "_wandb": {"runtime": 6021}}