{"loss": 0.82939272, "grad_norm": 39.0, "learning_rate": 0.0, "rewards/chosen": 0.16149908304214478, "rewards/rejected": -0.2692226469516754, "rewards/accuracies": 0.699999988079071, "rewards/margins": 0.4307217597961426, "logps/rejected": -204.11691284179688, "logps/chosen": -132.4590606689453, "logps/ref_rejected": -201.4246826171875, "logps/ref_chosen": -134.0740509033203, "logits/rejected": -3.256594181060791, "logits/chosen": -3.2490203380584717, "epoch": 1.0, "_timestamp": 1716121948.26611, "_runtime": 4856.790508031845, "_step": 1093, "eval_loss": 0.9039075374603271, "eval_runtime": 16.1961, "eval_samples_per_second": 25.685, "eval_steps_per_second": 3.211, "eval_rewards/chosen": 0.10533185303211212, "eval_rewards/rejected": -0.10675840079784393, "eval_rewards/accuracies": 0.6081730723381042, "eval_rewards/margins": 0.21209025382995605, "eval_logps/rejected": -163.25473022460938, "eval_logps/chosen": -122.35652160644531, "eval_logps/ref_rejected": -162.18711853027344, "eval_logps/ref_chosen": -123.40984344482422, "eval_logits/rejected": -3.198411703109741, "eval_logits/chosen": -3.2206649780273438, "train_runtime": 4668.4163, "train_samples_per_second": 8.911, "train_steps_per_second": 1.114, "total_flos": 0.0, "train_loss": 0.9120112137152598, "_wandb": {"runtime": 4860}}