{"loss": 0.85490446, "grad_norm": 2.65625, "learning_rate": 0.0, "rewards/chosen": 0.04200277104973793, "rewards/rejected": 0.031515564769506454, "rewards/accuracies": 0.529101550579071, "rewards/margins": 0.010487203486263752, "logps/rejected": -104.8585205078125, "logps/chosen": -83.35474395751953, "logps/ref_rejected": -105.1736831665039, "logps/ref_chosen": -83.77476501464844, "logits/rejected": 0.07706238329410553, "logits/chosen": 0.017396513372659683, "epoch": 0.98, "_timestamp": 1715720755.1120152, "_runtime": 20756.752442359924, "_step": 13, "eval_loss": 0.8505345582962036, "eval_runtime": 107.8512, "eval_samples_per_second": 3.857, "eval_steps_per_second": 0.241, "eval_rewards/chosen": 0.061668213456869125, "eval_rewards/rejected": 0.047658905386924744, "eval_rewards/accuracies": 0.536057710647583, "eval_rewards/margins": 0.01400931179523468, "eval_logps/rejected": -108.83882141113281, "eval_logps/chosen": -85.59339141845703, "eval_logps/ref_rejected": -109.31541442871094, "eval_logps/ref_chosen": -86.21006774902344, "eval_logits/rejected": 0.06482221931219101, "eval_logits/chosen": -0.0076091093942523, "train_runtime": 20566.2522, "train_samples_per_second": 2.023, "train_steps_per_second": 0.002, "total_flos": 0.0, "train_loss": 0.8537400841712952, "_wandb": {"runtime": 20759}}