{"loss": 0.94246492, "acc": 0.72112565, "grad_norm": 0.66796875, "learning_rate": 5.298013245033113e-07, "epoch": 1.0, "_timestamp": 1715010139.044359, "_runtime": 8721.543382883072, "_step": 48, "eval_loss": 0.890906572341919, "eval_acc": 0.7314507297632085, "eval_runtime": 28.9794, "eval_samples_per_second": 14.251, "eval_steps_per_second": 0.449, "train_runtime": 8670.9957, "train_samples_per_second": 4.718, "train_steps_per_second": 0.018, "total_flos": 2.901966606611251e+17, "train_loss": 0.9517079284356075, "_wandb": {"runtime": 8721}}