{"loss": 0.99485159, "acc": 0.70932627, "grad_norm": 1.34375, "learning_rate": 5.2980132450331126e-08, "epoch": 1.0, "_timestamp": 1713499757.6212556, "_runtime": 8676.345935583115, "_step": 48, "eval_loss": 0.9408724308013916, "eval_acc": 0.7213615065615856, "eval_runtime": 29.0013, "eval_samples_per_second": 14.241, "eval_steps_per_second": 0.448, "train_runtime": 8634.0572, "train_samples_per_second": 4.738, "train_steps_per_second": 0.018, "total_flos": 2.901966606611251e+17, "train_loss": 1.018456126159092, "_wandb": {"runtime": 8676}}