{"loss": 0.77419562, "grad_norm": 15.5, "learning_rate": 1.1336032388663967e-06, "rewards/chosen": 0.5181511044502258, "rewards/rejected": 0.33800745010375977, "rewards/accuracies": 0.6875, "rewards/margins": 0.18014366924762726, "logps/rejected": -107.53742980957031, "logps/chosen": -78.78656768798828, "logps/ref_rejected": -110.91751861572266, "logps/ref_chosen": -83.96807861328125, "logits/rejected": -0.08509918302297592, "logits/chosen": -0.13963888585567474, "epoch": 1.0, "_timestamp": 1713974265.0092585, "_runtime": 11036.536371469498, "_step": 252, "eval_loss": 0.7856912016868591, "eval_runtime": 107.5657, "eval_samples_per_second": 3.867, "eval_steps_per_second": 0.242, "eval_rewards/chosen": 0.4777662456035614, "eval_rewards/rejected": 0.32665255665779114, "eval_rewards/accuracies": 0.65625, "eval_rewards/margins": 0.15111370384693146, "eval_logps/rejected": -106.04889678955078, "eval_logps/chosen": -81.43241119384766, "eval_logps/ref_rejected": -109.31541442871094, "eval_logps/ref_chosen": -86.21006774902344, "eval_logits/rejected": 0.08724372833967209, "eval_logits/chosen": 0.02211305871605873, "train_runtime": 10844.5896, "train_samples_per_second": 3.836, "train_steps_per_second": 0.24, "total_flos": 0.0, "train_loss": 0.36960528703836293, "_wandb": {"runtime": 11038}}