{"loss": 0.89923229, "grad_norm": 41.25, "learning_rate": 0.0, "rewards/chosen": 0.024577900767326355, "rewards/rejected": -0.1710764765739441, "rewards/accuracies": 0.7124999761581421, "rewards/margins": 0.19565439224243164, "logps/rejected": -170.40914916992188, "logps/chosen": -120.95255279541016, "logps/ref_rejected": -168.69839477539062, "logps/ref_chosen": -121.1983413696289, "logits/rejected": -3.136467456817627, "logits/chosen": -3.139660358428955, "epoch": 1.0, "_timestamp": 1716386029.6547544, "_runtime": 4264.366184473038, "_step": 547, "eval_loss": 0.9152964353561401, "eval_runtime": 16.2103, "eval_samples_per_second": 25.663, "eval_steps_per_second": 3.208, "eval_rewards/chosen": 0.002549654571339488, "eval_rewards/rejected": -0.14988026022911072, "eval_rewards/accuracies": 0.6033653616905212, "eval_rewards/margins": 0.15242990851402283, "eval_logps/rejected": -163.68592834472656, "eval_logps/chosen": -123.38434600830078, "eval_logps/ref_rejected": -162.18711853027344, "eval_logps/ref_chosen": -123.40984344482422, "eval_logits/rejected": -3.0817947387695312, "eval_logits/chosen": -3.100752115249634, "train_runtime": 4076.4235, "train_samples_per_second": 10.205, "train_steps_per_second": 0.638, "total_flos": 0.0, "train_loss": 0.9212774445689641, "_wandb": {"runtime": 4266}}